date,title,url
2023-01-04 08:00:00,Raytheon selects Lockheed Martin bus for U.S. Space Force missile-tracking satellite - SpaceNews,https://news.google.com/rss/articles/CBMiqgFBVV95cUxPY1RPMWtMZ0h4UlJPTTMyQzBJNF9Jd1ptRUhIS0FqNTE0b1ZzLXpQZ0ozd0dLMjJzMDBfY2tGVnA5VTRrMVhQWnpYcWh3UGtMR0VXZmVTQm94NGs0NVE2Z0lFTDdFaHdTblFxV3lrdV9KSW01REJUNERVcmxWRUE0RkNIX1V6aFNJUndiR1dRcnVxTzNwU05HTHBRY2VxdHJST1I3OUZ0Q1lOUQ?oc=5
2023-02-21 08:00:00,Raytheon/Lockheed Martin JJV Win $44 Million Contract Mod for Javelin Missile System - Clearance Jobs,https://news.google.com/rss/articles/CBMixAFBVV95cUxQTHJ4bTk3TVpJY2M1LWZQa3ZtSlZHSmZFd09qbEJqOGE4VjdEUVZRa2lielFqN3pOXzc5SmtWMjJiQUVEQUdtOVpPYkNGaE02SlRNdjZ3YVZ2SDhrZWktN1p2RnF5X2xXZGJhV01relhudENJMU91RUhRYnpqLUg2VHZKaEVLRkxxNFJsalptWTNMcXlsaFNxZ0txMGFCX1YzY21NMjlMQi14bnZHX3pZanV0MEttV0lLZmM4MXFKVFFCandr?oc=5
2023-03-06 08:00:00,Star wars: Raytheon wins contract to develop orbital hypersonic missile defense system - The Business Journals,https://news.google.com/rss/articles/CBMiowFBVV95cUxNc1BBMmctRERSN0VWRV80MFFkZTBWTm5QdXpaejhqRUhObXZjMjQ2Z3ZMZjdNWEpQb0licGh1TTVhTXljakRteGRtM2pJQUZiV2tHZzdBQWpJd08yQ1FvVDBfVjMxSU5Wb3BxV3ZWQm5YV1laYVBZTXJDeEg0NVNIMk1UajZSMTBVVWFRRjRvQ2Z2WDU1LTVZMjYzUzZBTktId1Zv?oc=5
2023-03-14 07:00:00,Innoflight Selected by Northrop Grumman as Strategic Space Avionics Supplier - Newswire.com,https://news.google.com/rss/articles/CBMiqgFBVV95cUxNa3FaRE1yeVF3T0Z3cU05SzA1WTY0TzVkajlxbTF5aTlUbUFFXzNKNm1rNmUzbllXN1NmUmtjanVEeVpGbFpEdUlzak1zVjBIMlVJQUZSMUdkSTVndThGWTJBSGdqLUJvbGJjYk1hY1dTOVE2T0VVdE1jRmNJUWFzVFEwR0RpOWxuWjEyakdnSWk4bmNndENKNjV1T1ItTWxtNk91WkN4Vi1RUQ?oc=5
2023-04-05 07:00:00,"Navy selects Raytheon, Lockheed Martin for hypersonic, carrier-based weapon - Aerospace Manufacturing and Design",https://news.google.com/rss/articles/CBMiwAFBVV95cUxNc3FNdzZDTVBvOUhlMlJscTNSZ2MtREtKd2lOOXItUmpTOHpYdGlOUjRRSWs5bUttV0t5MWJoOE1hMzF1MFRDbGF4OGhIcU5LY2VaYXk2Y2hWdHZpOU9qSHFuVW9vMUJjY2NXZHQxVklDakwtYklGc2JVa1BiUGZJVWpiTENpaXFMeVZjaTRHV3V2dTVCYmJJRDZnYVNVT1FqcUxjTFVyTVJXdEhlbzNxd1RlVWxiaUNtYjJ0d2hOa2M?oc=5
2023-04-25 07:00:00,Navy Awards $25 Million Contract Mod to Northrop Grumman for E-2C/D Aircraft Support - Clearance Jobs,https://news.google.com/rss/articles/CBMixAFBVV95cUxOSzhzeVJYclNqTkVzQUxuZ2tCTngyRlVHc1NYcURsWWdVWEtxbUM3am9KanpLZGRDcEpQRHE0YmxfWVctaTJxaWRzYkVuQ1FVN3FadS02dVlLS1VQUGY5SUZNRU4xZDhVTVp3aGpfeDVvRnBjVVZGaFI2QlA0bnV1R2dOVk5JTWM3WmR4X29zSkljUUNGbDg5MV9lbmNtbGg1bkVBcGlSQ3RzdlVrVVhMR0hNLTJib3pmelRqUGdxOU1tblNT?oc=5
2023-04-27 07:00:00,U.S. Army Awards Lockheed Martin $4.7 Billion Contract for the Guided Multiple Launch Rocket System - Clearance Jobs,https://news.google.com/rss/articles/CBMi1wFBVV95cUxQY3otRmQ1Um83REp1dy1yNmw0R0RIX2hqYmhVd1o0UGJfU3Uzc0ZXMndxMnJrZHJLUnd4UnBSb0tuQXlwOE5NbmtITzlvdFhZeFV2SzJmRXktYTBDRkRoX3hybXVyQmhLTTZiYVlXZC1icU1MM0NTUF9OY0RIQ3ZDZmxsdXlja205TEE5emZxa1lwdXFDTjR2RjFhMm9hbTd4Rm5KNzhYbUxEVmhiRU8ydVBWZHFidl9xeXZ5M2xaLXMzRHZYMWNZb25oUm9PbF9pd09iUzdBUQ?oc=5
2023-07-17 07:00:00,DARPA taps Raytheon for next phase of air-breathing hypersonic program - DefenseScoop,https://news.google.com/rss/articles/CBMidkFVX3lxTE9yaWNqV2YxVXZTXy1ueWlNMjRTdmR3RnJIdi1hVUVhNVYxRmdzcUZsZzZTZEQ2bjNrZl9NbjJhTWJ4c09hZEZkbjI2NlVhcThjMXJnMkN2UFo5andncXQ0WkhSeno1SDNPSFEwWk95YWI0alFtVHc?oc=5
2023-07-28 07:00:00,"6th-Gen Fighter Program: Northrop Grumman Pulls Out Of NGAD; Boeing, Lockheed To Fight For Big, Fat USAF Contract - EurAsian Times",https://news.google.com/rss/articles/CBMijAFBVV95cUxOT3F3YTRXR2lLVGY1Q0RPOWVnbkU3Yk9KenJ1a29GRlQ0Q3E3REJ0dWw5REk4MjUtLWNibW56cFh4TUhfSnZqVnlzMTU3VTF1Slp4c1dzMDgtbWhfemFrUGhCV2VlbkYyelBxRXYyRjQ4QmlOTHRzZWZaSTdWc1dsdmJOVldPOG9sZGkzUNIBjAFBVV95cUxOT3F3YTRXR2lLVGY1Q0RPOWVnbkU3Yk9KenJ1a29GRlQ0Q3E3REJ0dWw5REk4MjUtLWNibW56cFh4TUhfSnZqVnlzMTU3VTF1Slp4c1dzMDgtbWhfemFrUGhCV2VlbkYyelBxRXYyRjQ4QmlOTHRzZWZaSTdWc1dsdmJOVldPOG9sZGkzUA?oc=5
2023-08-21 07:00:00,Pentagon space arm awards $1.5 billion contract to Lockheed Martin and Northrop Grumman for communications satellites - CNBC,https://news.google.com/rss/articles/CBMipwFBVV95cUxQQzJ5Z2dZRDNuVXNWTENMQ3ItQmY3ZW5OQXVIeU5VTDdzWEhXc19jUGh3MHVxZ1l4UUVyT3VjYTRZNDRoTEtEdFlsTzM4OVY2ZlNLWHRUOWxicU44aVIzWWJ5SE54WW9MN1IxSkRTNnlKbk10MjZqTmRkSDRaYzR3Snd0YlF2eG5RSHE4WEgyQmtVYmhzNFVqWThRRGFEdm9ncS1MeVVPTdIBrAFBVV95cUxOaUotaGw3X1dWRnZIaEtLQ2xTUHNWOWZoMVVVUGFzMXFKSzZrYmZaM1l3TTJVWDNScnE2M20yV0xBS19XUENaQUJxS25raXhZOTBEcDA4bE5uYncwTlI0bENKWGd4aXFRbmxiZXdWZFRkTzBWRUZOZnFsY0hVMlozWjVoS1I4VUFMWnJpdnNSdTlJWGlHR0tMb1BnNk5ENUw4ajNvU0tPcElKdjQ5?oc=5
2023-08-21 07:00:00,"RTX Delivering Next Generation Electro-Optical DAS for F-35, As Program Looks to Organic Sustainment of AAQ-37 - Defense Daily",https://news.google.com/rss/articles/CBMi4wFBVV95cUxObkdCczF5RmlnaUZMT1ZtZld5aW9jTGpBeG1aN2dFQkt6ZFkzOEZXTkV0X0hsLUpBejdiblZBY0VRNGNVdXM2dUpTNlhBcVFBQUw0aUV2SFkwTGpDTlJaMmQ0S0hWTGx4cDRSQTVXcldiRktMTGw3cjgyVXBDZG04SW9wcHM4M1hZQ1RzY3JZSTdWb1JXZ0p0MW1qUE9ybFAwWnhXbERVREVkZ295azhQNlI1NGdkbUhBa18teGdoNnROSUFVcDF0R1pwZ3NDSzFHeWNQVE5LWEpiSUJkQzE0cVl4OA?oc=5
2023-09-20 07:00:00,Lockheed Martin collab with Valencia College produces Orlando optics program - The Business Journals,https://news.google.com/rss/articles/CBMiuAFBVV95cUxPTEpMb2FqaXNpOVViU1lNdW9HNmt5M2xZYlVNeEcwaFdYN3JULUw4NVJsY3hYNmdwQlVIZ2l2aFlvQXFlTXlHbzJMaWJkODF1VUJHTkVIb1hYT00yaUVvSkRVQWVIcmIyb1U1STR6UkNMM2V6NHZNUTJybVd5SFRDcXUxc0NOMVdkRHAybXBjYVlOcnprSk9aUUVlUExucHFIaV93ZEVvcnV2bk1kbGU5SzluTUNHVVJV?oc=5
2023-10-06 07:00:00,Northrop Grumman Receives $235 Million Contract for Next Gen OPIR Polar Satellites - Via Satellite,https://news.google.com/rss/articles/CBMi3AFBVV95cUxNMnAzTVZIWkNxOFd1ZHk4SFlSbWJEZ0VfOHFreHU5RjFPREl1STFyVTZEZXNxb05JRXQtbXk5aFNmLXBEcFFZNXdESGd6QmJxUlEycHdvcHI5Mm9tZ0dFUDdOVlBWVEdpbklzR2JzakdEU0prY21HNjN6dmgwdXoyQmt6ZXVKVFYwdnB5VmNrTGtIa3RRak5zelhpYm1wS1pRQXVKMFg3T0VOT1pJNmVEUzZNNXEwRHZ1cVloT0RRSUxRaEtQcXBwZ2o3a1p3UzNqZDhHblVJRG5Wbkhn?oc=5
2023-11-03 07:00:00,Lockheed Martin Plays Crucial Role in Sentinel ICBM Modernization with $1 Billion Contract - Clearance Jobs,https://news.google.com/rss/articles/CBMizAFBVV95cUxNeHI5cFlTUFFWYWpaZ3ZmVm05cVNiellFYWxuTmZrYlQ0Mk1qdVp5bUotV1BUdTU5YXI0UjBBQzV4U3BsVkVMeFRjdXV5Z0RtMGo3R0U0cW5nWl9FM3B1eGI2YWpQa0xHNklNRkNIZEtvdE4yMlVBc2dLMWVPMGpDUURVeWtHNU5DbDVNZHZURDVuUTNXTzJqWWhnWl9yZzVGYmxGWjNsVGVVWlVfNUZmeV9mMmphXzh0eVhzbFRFeXVDZnI5ZlFXZWdYVEY?oc=5
2023-11-06 08:00:00,DARPA Awards $9 Million Contract to Northrop Grumman for the Minitherms3D Program - Clearance Jobs,https://news.google.com/rss/articles/CBMiwAFBVV95cUxPRFZvSkU0NFlqeldwWXBYblpJWVZ5NEQxeHJ0ajVKUnNCTnRMMmcxTnpaV3dEd19acmFCLVAydUMxUVFSZnJTSHNHQTlwMld3aGEwaHgwSkxZYkdRazl2SzR1NGlLZVZDVUtJTnowa2dEZ1k1cHh1TGVHenNKcUdXczBMR1Z4TjMyQXdDZlNlUVVUeXdUMm1uN1A3ZnBWdEVsQ1ctbENxWmpJUkhKODYyTzg1YTdUX1pIQjNEVVBqcXg?oc=5
2024-02-07 08:00:00,Northrop Grumman Wins $11 Million to Support DARPA Contract - Clearance Jobs,https://news.google.com/rss/articles/CBMipgFBVV95cUxQM2x3YTBkcVpHcWRpME9mY3BZLS1xMTFhclh4YTYzb0JJM1NEUWt5S2NoWmUyQ2FmMVI1d2pQd3gzUW9TWEgyZFQ3U2pxNFA3eFhSTmNlcU5DVXV3OWNJX1lwc2Uwc3djcy1OZWt2Q3pRdXBfVlpvMHZqNTR1dksxbzhObHp0dFNjMmNZbFB4NXhrdU5qdUVDekxOcHU5U2ZDV1paVGdR?oc=5
2024-02-28 08:00:00,Army Awards Northrop Grumman $92 Million Contract for the XM343 Standoff Activated Volcano Obstacle System - Clearance Jobs,https://news.google.com/rss/articles/CBMi4gFBVV95cUxQMzZ3cFUzczZabXZvRC0tdXZlQmxsdUVxcTNMSWxMMlJvQ3BDanZ4M3AtcnhBLVJLdnJOc1lPUl96dnNXQ1hSdzNzczBJc2tQZVkzUEJNSlA1Qy1Pd2V3NVZVdy1xQXprQUNpWWt2cEhfVTBxcnh3RnlYUUlJdVNiVHVmd2l1VUVXTXBYMWFwanVKRHU1T1VKVHdTUllHaFhUN05VSkxfNWNOd1RscjJnY1hhLUhWbUlpSVVER1lMRGZhVndQNUY3MlB6QlBTaXVjcUhieFM0cUROaHljTFE0TzdR?oc=5
2024-03-01 08:00:00,Lockheed Martin Awarded $1B in US Navy Contracts - Clearance Jobs,https://news.google.com/rss/articles/CBMilAFBVV95cUxOLVpTZ0FuemZJTm9CNUtkc210TC1SbDl5VUt6QUc4QkxCV3Z1UmVVQm0yUjdPMzVtSWJKOEZnX0tPX0l4aF90VEZyQ25OMVI1b1VCbFBzNzQtTjVEQWhybkVoYzdQVk1TWkpuaHF3QzdZUktXZ0NXVnk2QTM0R3F4NWhEM3JHY3Y0alplcXF3dWFDRHBo?oc=5
2024-04-16 07:00:00,Lockheed Martin wins $17B contract for Next-Generation Interceptor development - AeroTime,https://news.google.com/rss/articles/CBMid0FVX3lxTFBtOGUxY1hIVnRfTnFBZURLRVF1M2Vaa2NPOVZ0WC12bnNXa2R0RVBBWm9mWUVLOFJlR0tzbE0tand6U29oUlU4cHhkWTZFanpoRXlhUXREUm5SVVNYbXV4bzhzQXFaTVlPLXlVR1pYR2w3NzI5cWQ00gF8QVVfeXFMTWQ4T2t3QnROY2F6MTdmcmp3S2IybEpEX1NMdTlPSDhSQjBrU0FncVlod3BUcFhFN0l4WnJqemdiTThRbGhKX0txTFdCNUtPTWt1TUI2UzZEN1BCOVNtMXhHWE5XMUdoTUlYdVhLdmI0WTVqQXc1bDh2RkxiSQ?oc=5
2024-05-03 07:00:00,Lockheed Martin Awarded $170 Million Army Contract for Prototype Weapon System - Clearance Jobs,https://news.google.com/rss/articles/CBMivAFBVV95cUxPelJxNXNJZ0g0SnRsUy1YUkxIMElFbnlUU1VGVlBLeE1tTnpxSWpaY0tCaVdqeDV4Q1RWV2E5eEk1SVByZXBjSEJrYWRNMFJiWHprWnFjSjJJQkFhLV92RmNScHV5MjkyU3JMUHVrd0pqdUtwQzNyR2NDa0V0NzVBV1N2blUtd1gxVDk0UlljelpxWW9MWE5CVldYTks1N281UGdWOWd2cE82MlFNMTlMa2dxVl9NQnYzYWFPMw?oc=5
2024-05-14 07:00:00,Lockheed Martin selects Aerojet Rocketdyne for NGI propulsion - Army Technology,https://news.google.com/rss/articles/CBMioAFBVV95cUxONGZRdGpDVGlSYmQ5TE5iOGloNUJ3NVhOMEt3MlZIV3Roanl2aVdKYnUtZ1Z5SUk3SV9YUnBvaC1UNHVwYUZyc2t1di1yQ3FNRVFoYkZ4dHBGYmZmaUh6TGpwcE1oNEIxRVVhcURhRlVQc3NFVk1qQkoxVWdEbV8xWVlVdTRKZFhRd2ZFd1ltM0k4bjJueUluRmZ4bGZlNEo1?oc=5
2024-06-06 07:00:00,F-35 Armament Upgrade: Lockheed Martin Awarded $97 Million Navy Contract Modification - Clearance Jobs,https://news.google.com/rss/articles/CBMixAFBVV95cUxObVpNcE85dVVhcUNlX3NQWnhYeUEtNDV4cjY2dWJHaUl2WkloeE5mOER2VVlIYUtVYXRGTmQwVkdMTXBwNm1CQUhhWURRTURtNlZvWGlpRFFlQjRveGZnV3pjdkdJWVoya0taS3c1Umg0VTd5WkhqdUMxcDRla1NLdXcwZWdSVm1BMUo5TkhoMEhtblJHQUROZXMxbmtXTENsWU9obDRzcGZPYkZWR2FFMUxELWZmZnVrUGVqR3VUM3AzNjFG?oc=5
2024-06-12 07:00:00,Anduril gets $19 million contract to develop solid rocket motors for U.S. Navy - SpaceNews,https://news.google.com/rss/articles/CBMioAFBVV95cUxQT2JJQzlGS0lEalVQYXlPMkhoMV9qRFZmRGFEUTVabFpqenVWbVdJTEpMZFhacWtDUTBPTkUtQkxTSnBLWDdOVmJmYVJBTUZxX1NFbGRRMFNhYkRHNV9RNUxGUWQ1MWVIXzdibEpKOG1fdmQ4aFZFTHVLWTBOVlBpT2t0dUxiTDNCeGllcEw5dDJ5MmxQdVFrWkk1NTVDOHEw?oc=5
2024-06-21 07:00:00,Lockheed Martin secures $977.5 million contract extension for missile-warning satellites - SpaceNews,https://news.google.com/rss/articles/CBMirwFBVV95cUxQc05aaWRBa1hQcjRrSC0wRkVMT0g5b2ROVXdzaFpSTnFPQ0d5ZXNIMDk2c3JuSDF5UlctQkpCcVVYa3JOUEVncEZtUGMzcVQ0d2dKSjhWaGN6T05zNkl3QVptNi0xMnBHQ2hKakI3dmZvRHVkQlJVQi01Wmt0dnFuMDc0Tm81NnFzbEhZQXhlRzJObExMdk9lTE5RT3ZuVDRuaUcyU25JNkZHY2s3ZC00?oc=5
2024-09-03 07:00:00,Raytheon secures $1.04 billion contract for F-22 Raptor sensor enhancements - AeroTime,https://news.google.com/rss/articles/CBMihgFBVV95cUxNcl9CbkJmdTY5WEVhenoxcGRXWENvV0h5ZTZSQVRfOU12RVJITlVvU1YxWk1rOXU5WWE5YlhtOXpNc1FfVUFkaWpWUTlKRnBFNjRoUHFjalRreTFYdkgxc3ZSWGdYcTNRTXQtZEMyOXNSQmtqSVBoT3l4ZG96eGlJSUFHc29mZ9IBiwFBVV95cUxNdFB2MDFDX1N2QzdsZFU2YzNGWHh0NzFQOHpNaVVZR2RWRnFDVjA4d0dsMHkyLUpPV0xsS0NrV2lOc25PenJ6UUpOMlRpY1g3RnhiSDVJcERNWDJCZjlHSjJUbEo1MzJXTHJEMjdSQ055RTlJWUJNdlRFdWtKczc0clNoOVpXN24zUHlJ?oc=5
2024-09-03 07:00:00,Northrop Grumman Secures $197 Million Contract for Bomb Fuze Systems Production - Clearance Jobs,https://news.google.com/rss/articles/CBMivgFBVV95cUxPN2tuMVg5VUFFY2pmcUZUc0dsRUgzcFBVMlBlLXpZak9oSGEyam5DVDNDNmFVb2d3WVFJNnVTZGZfZ1dRUUlYNVVldVIwT05UaFpwT3gzeFhraURXQ3M5Z3dUeWxyZzBNTmw2LUUtSFBzTzVqZXNmbGNpUW9LTS16cVJlTk9xdV9LWjRycHRmZWhxMHl5XzFHVWt1YjU5M0ZIUEpBTTJiUEpiMURJWkFMc3FDQVlhaXFpTFdZM01R?oc=5
2024-09-04 07:00:00,Raytheon-Lockheed Martin joint venture wins contract for Javelin missile system - The Business Journals,https://news.google.com/rss/articles/CBMimwFBVV95cUxNTTYtaEFEN1FZZzBVbk5WbEpkRS1aN0NiV19lYVRPTmFyU2VZeUttYW1YYmdSdzVBMEFyYWNDVnJocmFpWFRZcnhiQnMwak9XeXVQVXZYUWJJOWY5eFBSd25lX1QtT21KTk1UTzFBWThkV1Z4Umx4YnNIMDRqY0hkVVpiU2FrbHluY09nUndJQTlMSUhPMWJMQ2N3Zw?oc=5
2024-09-10 07:00:00,Leidos Australia Partners With Lockheed Martin on ADF's Joint Air Battle Management System - Australian Cyber Security Magazine,https://news.google.com/rss/articles/CBMi0wFBVV95cUxQdHl0NmMyMkpTZE14VmtDTnd6OE0tM3JLWlpveU5WUXVhcEgxQXNNOXdpVVI5bTJrcWVWLW9RNTcwTEFYS0ZkODFxUWlpNHRuR0VOcllPXzVsNEp0YWdiSFFBTng2MlV1QnZBbHMydW1nLWt3VHcwVnF4TkF1bDh1SGR2N3BtV3h1Z0ZUZmkwV0d6T2JRTTVQbmo5bjVMZm1jbU1BcEFRMVhFM2FqQ0JjdnRFbndfTVRCc1dXWUpwOG9oREVNMVdKRjBpYWJxVTNPbk5j?oc=5
2024-09-11 07:00:00,Raytheon Secures $1.95 Billion Contract for AMRAAM Missile Production Expansion - Clearance Jobs,https://news.google.com/rss/articles/CBMivgFBVV95cUxObk43WEE3VENDTXlIa1JZanVSeXZFaHlfaTFvaU5QM2ZOblhyemh5YlhQOGJtNkx5ZlMxYzVycFFZVFNVSjRVRG8tVmFhcWp1UUV2WTFWdnp6TUdobGlRbVktWXhtTnozUUoyLTZYUEktREdFVThGRC1BLWRJZDRwVk1oWlRnRHJoTmduRjJWS0M3MkF6V3hPWHdxOU9qVjh3SF9NeTlfeVR5cmwtTkhHR2w5OXdDVmxrWUhJbTh3?oc=5
2024-09-16 07:00:00,Northrop Grumman wins $54.7 million contract for military satcom antennas - SpaceNews,https://news.google.com/rss/articles/CBMimwFBVV95cUxNWG5lQS1TU0lrenp2VEc4bUJWM3p0QU1PZlFOR2M1Z3VTQ2FwQWZqTjlFWWdZcm14eW41bDB2OGlGSS1ranhZV0txYWsxamZfdXpiY05CLWpMQUxQa2dYb2pGcmczWEhQTmxVS0g0U1VlYWVoTWdRSTZScG1INV90QVFIMmdhV3VIdU45NGlaYVJ1eEZWTGFJTXRmZw?oc=5
2024-09-16 07:00:00,Tucson-based Raytheon gets $1.19 billion contract to continue missile upgrades - The Business Journals,https://news.google.com/rss/articles/CBMipgFBVV95cUxNQnVUOC0yMkNHREhPbUFkajF2eW1lR2NnUUZtM1BrRHJId3VWWVJyak8zTm1HWWJHRHFUZDBlTHU2OVlYMWNtck9rNEFIVTlna1dSQVdmcHJUQXRHaHVhQ05ISHVLUlQ0RWdTLTBBMTFYVl9XeU1fRmhILW85YURkalViNHJRcHZlUWtoLXA3Qnd6VnlOaWdDSVpCU1RBOTliVDhhcGV3?oc=5
2024-10-01 07:00:00,US Air Force Signs a $3.2 Billion Contract for Lockheed Martin's JASSM and LRASM Missiles - Army Recognition,https://news.google.com/rss/articles/CBMi1wFBVV95cUxOd09GM1ZmYk50d3VXc0FqTjJCTXZ6NmJmWmM0djVLU1Bzbl9VOHcwejVuSXNOaDM5M0xUSnlEblA2ZkgtaG9jWW9ndDlnSzhSQnRvdVRWWkVNSk1rRWZ2Sk9BY2h2MTY3bEdpeF9zY3FNUGJhSjZvWjBKYW5zMEt1MEltem1UeVd4dnhObThwMmx5LUgxZmlQSHdDb2tnV21fRmpaSGJMTXRveDFMUDdVa3ZQbURwdHJnR09LNzNJRXpNaElOWVZiZHVFSnhta2dzRGR4bDRFQQ?oc=5
2024-10-23 07:00:00,Space Force awards Northrop Grumman $1.8 billion contract extension for missile warning satellites - SpaceNews,https://news.google.com/rss/articles/CBMivAFBVV95cUxQX3JaN3JjSlRNWHBoMEJKaUxGRDlFR1c2bFZ0UGt6T24zNVQ4ZlNkZllLampXX0FiODVWeVd3S1RfaWVfelE0dXNUM3pfamVHdHJqd1NHZVRhZTNwLXV5bl9XMDRPV1Nudzl4cUc3N3JZQks4TnM0d0t4aERHRmg3SDNFblBHVXU4NlRLeUNtUkxnc0ZWdE00a1luNExpOURkU0VYMzhqeXF3cVpBZVVJbm9wRjNwXzM0WEVQaQ?oc=5
2024-12-19 08:00:00,US Navy Awards $3.5 Billion Contract To Northrop Grumman For E-130J TACAMO - Simple Flying,https://news.google.com/rss/articles/CBMilwFBVV95cUxNV0tHYW1YNGhUeWUzc0tCYzVpT3RITEZzLVJ6cWRCajVxNVMzZDN6SUlUeFV2TGJ0N29WQUFsYzlGMXg1NGNNSFA5NDZocnFybE5qWWJPVWxnUkhOUEs0VXpuQjFtS3lrS2pSZzE1S3Fmcm9wV0h4Z2w0Y05qZ0lMN0FES3pQckRGOUFjeG1HWmw5Zk45czdv?oc=5
2024-12-22 08:00:00,Palantir and Anduril join forces with tech groups to bid for Pentagon contracts - Financial Times,https://news.google.com/rss/articles/CBMicEFVX3lxTE8zX09MZjNvX2hSMng3VGxTTzkwcjZ4Zng2QVBLTUloZVA3M1R3TkNXSlFFOUF0cndQaDZXRUtqMG5BbDNkZjBFWmJMcFYxeS1TQ2E5aEhJZnN1TFJfUTFaRm1KajIzWVpTeV9kXzlKMDQ?oc=5
2025-03-09 08:00:00,Lockheed Martin is Excluded from the US Navy's NGAD Program - TURDEF,https://news.google.com/rss/articles/CBMijwFBVV95cUxQOWRxWGVpSkZVQmRsUl9lUXRhZGlQeTRqRHo0TDA2OEZYMmNLX1hUb1hSZlk1QUh5WFBaRnMzYl9pMF9RanF2WlhwTHdxaGRQckxjazVIcXN5TGpLcWp3NV9kTVBUWXdyUF85SkJRWGZ6NzZlR1VxSFN4Nl9Ld3UxMUpvaXhYNzdXQ1JWWGk5cw?oc=5
2025-03-26 07:00:00,"Excluded from the 6th generation, is Lockheed Martin paying for its commercial strategy on the F-35 program? - Meta-Defense",https://news.google.com/rss/articles/CBMihAFBVV95cUxPaGFyVUFnTTY2ajVpVHNfVkxfcnFHQjk3OC16V20yWnIyMENnVGN1Wmg3RE1YdGlGTkp3anRKaFdoSTJYRmJYak1mTkpnYXd3WFNMUE5yN3ZvZkM1WlJaSnNQdFFzTm8zZm9ablVJLUpqM3lucFpObkZkWDdIclJqMXdDVzA?oc=5
2025-04-09 07:00:00,"Lockheed Martin Secures Contract Involving F-35 Fighter Jet Program - April 9, 2025 - Zacks Investment Research",https://news.google.com/rss/articles/CBMirAFBVV95cUxQeW9SNlJ2WVpyREQxOXlDTEFFb1diOExhMjhtZHFhRjR1MzJTaU8wcEo3VG5oZnMyQUJzVUZ4ZnpQZkVtbEIycVBaTnFxck9Eb19iR0ZFVDJBOEVxTE5RYTdUanQ0b3BWbG9wd2FzR0c4OG9Meldzc21wY0NCQ3FQNTJCZ2ZQTngtYjB1OHdWOWNvTGktT2FqU1R3TTRBTEtxSjM1MXQ1SWVKSTJO?oc=5
2025-04-22 07:00:00,"Defense Contractors RTX, Lockheed, Grumman Post Mixed Results as Tariffs Loom - Investopedia",https://news.google.com/rss/articles/CBMivwFBVV95cUxQQmhXVUFCcmN5aTBKMmtyRnhQYjFndDV4RTVEOTlRX3E2elNxZk94dlFFVW1Gb3N2TmNOaDJWSTAwLS15WHZUQ0hZLXVKakowcWEzVVMtZWJoZzl3WmlhTExmbV9vTWZrS3Y4RURYbF9pQWltVTZpU3JuajhPQWhiRkZwMUI3SVpYMkRFcUdwc3huWXBvcWhGcG42RjR4eG45Nk5jNkFhRXZ4ekdpZWpfUFZtc1daclNIZmprSEtLUQ?oc=5
2025-06-03 07:00:00,RTX to produce SPY-6 radars to U.S. and German navies Under $537 million contract - Defence Industry Europe,https://news.google.com/rss/articles/CBMirAFBVV95cUxOUkJFak9VcG5BQWMyX3Q5X0ZxZGNJWkhIMkhobGxOcFNDbzliVkt4VWd3YmZjSjJKenF4d3RvTHNacDNzRHlINGdCdlVPMlRTdmVadm1UUFplWDFJem9QR2g3QUMyWHRvam5BRnlnNmZjYmQtVFJYZ2dTYWozUkZCOVhPaUQ2QjBhM0hfbWdFcUFNem1yVDZqTkNfeUZhYl9JblZfaFQ5ZEtxZ2dn?oc=5
2025-06-03 07:00:00,Lockheed Martin Awarded $1 Billion U.S. Navy Contract for Hypersonic Missile Work - Defense Security Monitor,https://news.google.com/rss/articles/CBMiyAFBVV95cUxQLUQ2SG5ZaDJ0NEdHS2ljVzVLZ2VaX3NjTjZpOXJBY1I2TVpZMklKLWJsOHVZM2RaR0FqUTl3NVdoTVd6d2J4aXp5Z3B3WEhNQ1I0RFlxVDU2bnd3d3pSZVVDU1ZkV0dIRkJhT1hBU0RpcGdQNlNTaG5aVUNhVUl2Rm9JcDZLY29mZWl3MzU3RWdGUE1TcGdZVkpob0E3TjFNQkNOZkFDZThzd0t5d3E0Ri15YVVrR3hwWi12T2IwOWhOU0kxazh1RA?oc=5
2025-07-14 07:00:00,L3Harris awarded contract to upgrade Royal Moroccan Air Force C-130 fleet - Defence Industry Europe,https://news.google.com/rss/articles/CBMipAFBVV95cUxNd21Ja1VGWjV6bkd5N05aNWs3T08yU0N6bzROX2lJT25JX0ppM3hwUUdtQmlrNGtibnN3QTBBQ2ljUUFYTmNRYlBrQmZtMUxtR1p5VXNMTjFqTS03RUZna2NuNDlxcTRKYm15ZzdGWWlvdW1EWUltNUdlVzlJdWZZM0VRRW5DM0pBbVNaZ21HamhnWlRUdWhYeXkwak5uZ3VfNDFuRg?oc=5
2025-07-22 07:00:00,"Q2 2025: Lockheed Martin highlights key advances in missiles, space and autonomy - Defence Industry Europe",https://news.google.com/rss/articles/CBMiqwFBVV95cUxNanotNW5GUUNxUEtLTlVvRnVoQkU4YzZQX2tGd21jQ0I5ZHpDX3BoeFMxYmVzTWpPMEwyUExzMTU0M2Z0Mkc4NkFwM2VrSzhCdWI1aml2YTdPQjZMWG1ad1cwQVl5WXZTWlRlV0JMS2d2UkdMZjZfUmZNaXFRUFRyYmpxdEJHS2hzb3N3eE1xbzYwSTB1T2lhMk1IalRKTzNGZzNkSGExMVJBWEk?oc=5
2025-08-21 07:00:00,Lockheed Martin Secures $4.2 Billion Contract for GMLRS Munitions Production - Overt Defense -,https://news.google.com/rss/articles/CBMitwFBVV95cUxPcnU3enZ5TXFlS0FxRnVTSW01Vlhjd3BrS0hrWjdwOFFOdnJaMjVIaWZoOHppbkszSjVqTWQ1WXF4UGItQWlkNUtpcWREekpFNHdza0ZRZm9kLTg5OW4zQXpTajVkVno0S2Q0bW5URlplRE0xU3ZsU251X25KSmQtRzAycnRqU1lWTWt2VjR5UDYwckIyWGpwMXRPMjdDSnIxUFRZU3NzY0F2QzZ6THdZNllqamZFN00?oc=5
2025-09-03 07:00:00,Lockheed Martin and Raytheon joint venture secures $900 million contract for Javelin missile systems - Defence Industry Europe,https://news.google.com/rss/articles/CBMixwFBVV95cUxOTURvVmt5YmlGSDJsU1R4ckxLOVFnZDFTR2o4UTQ4a09KbUNIbHpYOVdvdlgxbDRTeVY0MVIxLTFBVF80U1FRNzcwUEtxOExmZXlxNmZRWjhwSVowcWU3LUZWcGM0TXJkckRJWFpXSHVqdkphdG9Ed2lmNGNMd2Vta2phY0taUGlIWjRkdkJaMXhwNVBOSlE5ZnFWTXdHazF3X0Fpak5zRmlVLWNRSnZwdTgtc29CM3NRa3VsYWhCRXNVY1ozUThj?oc=5
2025-09-07 07:00:00,Anduril among companies selected by U.S. Navy for carrier-ready combat drone development - Defence Industry Europe,https://news.google.com/rss/articles/CBMitwFBVV95cUxNQ0d2cjBtdDJrcnVYaE1ieUFwWUFtMEJZdzNWOXNrbWREUHAyMG9QQXVGRTlqc2ppNUtDVld6dWNWR2M4dWQ3VWtfSy1YRkZkZlpqa056cVdlU005Sml3cWpwb3U3TTE4UHpnakYyRlA0UWYxSThfaGxJSGRZU3ZNakRGQ2UzSjAxakdGZUQ3aTY0c2NVbXpCWDVpR3gtYXFSWlMxYTYtWHVWTFpyRmdaT2dLVHJteXc?oc=5
2025-09-08 07:00:00,Anduril secures $159 million contract to develop mixed reality Soldier Borne Mission Command system - Defence Industry Europe,https://news.google.com/rss/articles/CBMixgFBVV95cUxNaFVkblRYVDBTVXZnbE5FNk5NSGQzb2toSFlDM1dUaElHYng0M0g4V3M2RDFZOG9MV0hlV25zUGtFM3dmZUNGX0xVbFZ2YTA0VS1JQTh4bFh4ODFfS3RBX0dQbFd5TjAzLVh4czhUbER0bVNKRkFqOFJtQXg4TXlQUWthY241WXExUEVhWlp4RmFJU1BQYmNUZFNZOU11cTRwdXREMk02UDNTREpUWXpCN1E2enhKYV9DSEJhbXdlYnMycDVRZWc?oc=5
2025-09-15 07:00:00,L3Harris secures $292 million contract to produce Javelin propulsion over next five years - Defence Industry Europe,https://news.google.com/rss/articles/CBMiuAFBVV95cUxNWWkyM0dFWTZYVGx1RjlnRzVUdlFvbkZyd3R3NEhydnRrdS1PZDhheXBfNkpVOHVUNDllR0dteThGV3J3eVoyMUg3ZE5TaTljYV9TOEJKWnpwMHpNRGJQaEV3OFFFR2s4LVAwYjU2QnFoSWNUUVY4c3pONTVremgtSHFVOEY1c01UUkZ1b2l1V29CLWIxS1hHRmk1OFYySzZvUmNsUEtwYzhsM0RKY19ucWlFU1lxanZW?oc=5
2025-09-16 07:00:00,L3Harris Wins Contract to Produce Propulsion for Javelin Weapon System - Yahoo Finance,https://news.google.com/rss/articles/CBMikAFBVV95cUxPS2kxMHhmREdEWDNhbkJlTWtQVUNhUTFiNVdTZUNvRUg5ZTlkc2ZyLWJtOHVaMW9YMDBEU1lWdXp3enl5ZFBrR0d5TG13U3cwRDAxRmVsejFRbmRNWGhzTUstNi1Way1jbFc1RXlNV2dZUndxUEx1eEZkMVZNS1hEemMyS3ZqRXlXMzA4Mjk5eGc?oc=5
2025-09-17 07:00:00,L3Harris tapped for US$292m multi-year contract for Javelin solid rocket motors - defenceconnect.com.au,https://news.google.com/rss/articles/CBMiwgFBVV95cUxPUUF5Si0yX1RWbFRsenJ2bEpSaWVoaUYwMzBLT3hseXF0YllZTHNNU1NfTjJVRlhXVF90S21IaUlTVVQyZWtmQmdfOGJwUV9aTEh3Z05vNlU5ZkF3VGhLVHBodnYtYUtHNmFiSWZaV2k0NmN6dlB5T2t2a0t4eWdCMjJkRWlybFRjRzhTWjZfVGFWaURVQ0dDcWJJYUtKNWZ2Wk5ya0VfaFQ1eXo1RU1LWDBQWlVVX0FYYWh3NklQeXl5QQ?oc=5
2025-09-24 07:00:00,Northrop Grumman Partners With NCSIST for Missile Defense Upgrade - Zacks Investment Research,https://news.google.com/rss/articles/CBMiqgFBVV95cUxQWTdsTlNubU8yUWcwemdzeWgxSTJobFhueU53Qk53VnZfc1ZmWTVJUy1OanNwLWVHMWVob2g2TUw0cURKRmdIOXFxNGpCTkxWczI1V0UxUnV3b19nNGNld1NVbktsMEdiM0xqcXUyVDlSVGowQ3BQUzA5eElmLWk3dU4tRXBZQldLMTdRdlpNdkpkSzR0M0xXUW9CZzYwcWswdUxwM1BGNjR5Zw?oc=5
2025-10-15 07:00:00,Northrop Grumman Grapples with Multi-Billion Dollar Program Setbacks and Market Headwinds - Markets Financial Content,https://news.google.com/rss/articles/CBMi-AFBVV95cUxQQzduRlBrbWMtSFROeXl4enYwM3NzU0Q3NVhnZ2kwR2FNUDlTWjZTblJpVktTcXdkQmlLRmo4cnhNNlk0Y0ExcDZYMHdVam9FZHIwYnEtQmszLTZiQkFvaHdwcC1EczZsaHdYTGluOHFMa01xTWpFSG1EMUIxZVkxdGNhblJUX1pTanVIbjI1MEtzWEpmYVFNNUFKTnQyX2lITElMazd1OXoweXY3QWJ2Y0FJNF9ZUHRRMl9fcmFlWWZSWFZIaXgzVnRESU1GRUZlQzRxVFl6QzFNTW1Fc2I5M3pUam1GY3M2cUNBOUVsNk1ha05HRGxUVQ?oc=5
2025-10-20 07:00:00,Lockheed Martin secures $233 million contract to deliver full-rate IRST Block II systems - Defence Industry Europe,https://news.google.com/rss/articles/CBMitwFBVV95cUxQaWJDOWF5OHNvdGdKV1dWMDkyQlVGWUg2b1FGSzNZOVhxNUdELXdwcHZucHFaWjVCcDJER2paaEZBdDBDOE9hQXZySGJ1Nmd3SnloZzRWLXN0UUdGOUxKZEtkZlpIV3FsajhqcThoU2tYZndwSmszemFWVE9pYXRieWxtVGpMLWd3MDU1YlAwU1BoX0lqQzJlOWVKOUtzbC00ekl2NDFMc1JqczFpenJrS1c3QUhFNDA?oc=5
